fold,micro_f1,macro_f1,samples_f1,mAP
3,0.6324435318275154,0.41599636257665623,0.6377107310034139,0.4784538403665207
