fold,micro_f1,macro_f1,samples_f1,mAP
2,0.64,0.49370914751612843,0.6428914581353605,0.4752523666423457
