fold,micro_f1,macro_f1,samples_f1,mAP
1,0.6639004149377593,0.47223128105272777,0.6524970963995353,0.5136784190447585
