{
    "jaccard": {
        "avg_jaccard": 0.7305082363523916,
        "jaccard_per_label": {
            "admiringPeople": 0.07462686567164178,
            "affinityGestures": 0.16666666666666666,
            "approvingAudiences": 0.0,
            "campaignParaphernalia": 0.7524752475247525,
            "children": 0.5625,
            "formalAttire": 0.8146067415730337,
            "identifiableEntourage": 0.43661971830985913,
            "informalAttire": 0.7777777777777778,
            "interactionWithCrowds": 0.125,
            "interactionWithSupporters": 0.4666666666666667,
            "largeAudiences": 0.5161290322580645,
            "noFeatures": 0.9771986970684039,
            "ordinaryPeople": 0.19444444444444445,
            "patrioticSymbols": 0.7534246575342466,
            "physicalEmbraces": 0.25
        }
    },
    "credibility": {
        "overall_credibility": 0.9038961038961039,
        "credibility_per_label": {
            "admiringPeople": 0.7987012987012987,
            "affinityGestures": 0.9675324675324676,
            "approvingAudiences": 0.9837662337662337,
            "campaignParaphernalia": 0.8376623376623377,
            "children": 0.9772727272727273,
            "formalAttire": 0.8928571428571429,
            "identifiableEntourage": 0.7402597402597403,
            "informalAttire": 0.8831168831168831,
            "interactionWithCrowds": 0.9772727272727273,
            "interactionWithSupporters": 0.8961038961038961,
            "largeAudiences": 0.9025974025974026,
            "noFeatures": 0.9772727272727273,
            "ordinaryPeople": 0.8116883116883117,
            "patrioticSymbols": 0.9415584415584416,
            "physicalEmbraces": 0.9707792207792207
        }
    },
    "error_rates": {
        "identifiableEntourage": 0.2597402597402597,
        "admiringPeople": 0.2012987012987013,
        "ordinaryPeople": 0.18831168831168832,
        "campaignParaphernalia": 0.16233766233766234,
        "informalAttire": 0.11688311688311688,
        "formalAttire": 0.10714285714285714,
        "interactionWithSupporters": 0.1038961038961039,
        "largeAudiences": 0.09740259740259741,
        "patrioticSymbols": 0.05844155844155844,
        "affinityGestures": 0.032467532467532464,
        "physicalEmbraces": 0.02922077922077922,
        "children": 0.022727272727272728,
        "interactionWithCrowds": 0.022727272727272728,
        "noFeatures": 0.022727272727272728,
        "approvingAudiences": 0.016233766233766232
    },
    "label_agreement": {
        "admiringPeople": 0.7987012987012987,
        "affinityGestures": 0.9675324675324676,
        "approvingAudiences": 0.9837662337662337,
        "campaignParaphernalia": 0.8376623376623377,
        "children": 0.9772727272727273,
        "formalAttire": 0.8928571428571429,
        "identifiableEntourage": 0.7402597402597403,
        "informalAttire": 0.8831168831168831,
        "interactionWithCrowds": 0.9772727272727273,
        "interactionWithSupporters": 0.8961038961038961,
        "largeAudiences": 0.9025974025974026,
        "noFeatures": 0.9772727272727273,
        "ordinaryPeople": 0.8116883116883117,
        "patrioticSymbols": 0.9415584415584416,
        "physicalEmbraces": 0.9707792207792207
    },
    "longitudinal_consistency": {
        "64824": 0.6727920602799229,
        "64125": 0.5272543642368483
    },
    "efficiency": {
        