{
  "Clothing": {
    "label_metrics": {
      "informalAttire": {
        "cohen_kappa": 0.7656012176560122,
        "krippendorff_alpha": 0.765625,
        "fleiss_kappa": 0.7652439024390243,
        "f1_score": 0.875,
        "precision": 0.84,
        "recall": 0.9130434782608695
      },
      "formalAttire": {
        "cohen_kappa": 0.785207100591716,
        "krippendorff_alpha": 0.7855535244455245,
        "fleiss_kappa": 0.7852048309893386,
        "f1_score": 0.8978328173374613,
        "precision": 0.9006211180124224,
        "recall": 0.8950617283950617
      },
      "noFeatures": {
        "cohen_kappa": 0.18653020798943543,
        "krippendorff_alpha": 0.1744966442953021,
        "fleiss_kappa": 0.1731543624161067,
        "f1_score": 0.2,
        "precision": 0.6666666666666666,
        "recall": 0.11764705882352941
      }
    },
    "combo_metrics": {
      "formalAttire + informalAttire": 0.11258865248226946
    }
  },
  "Crowd": {
    "label_metrics": {
      "largeAudiences": {
        "cohen_kappa": 0.6284979092955935,
        "krippendorff_alpha": 0.6239911958914159,
        "fleiss_kappa": 0.6233797994619714,
        "f1_score": 0.6808510638297872,
        "precision": 0.9411764705882353,
        "recall": 0.5333333333333333
      },
      "noFeatures": {
        "cohen_kappa": 0.6197833705001593,
        "krippendorff_alpha": 0.6148095767249218,
        "fleiss_kappa": 0.6141832508334177,
        "f1_score": 0.9404990403071017,
        "precision": 0.8941605839416058,
        "recall": 0.9919028340080972
      },
      "approvingAudiences": {
        "cohen_kappa": 0.0,
        "krippendorff_alpha": -0.006546644844517058,
        "fleiss_kappa": -0.00818330605565579,
        "f1_score": 0.0,
        "precision": 0.0,
        "recall": 0.0
      },
      "interactionWithCrowds": {
        "cohen_kappa": 0.21770682148040632,
        "krippendorff_alpha": 0.2119714442613948,
        "fleiss_kappa": 0.2106900970162915,
        "f1_score": 0.2222222222222222,
        "precision": 1.0,
        "recall": 0.125
      }
    },
    "combo_metrics": {
      "approvingAudiences + largeAudiences": 0.0,
      "interactionWithCrowds + largeAudiences": 0.24571428571428577
    }
  },
  "Environment": {
    "label_metrics": {
      "noFeatures": {
        "cohen_kappa": 0.5639421857831122,
        "krippendorff_alpha": 0.5646086708439437,
        "fleiss_kappa": 0.5639007174632021,
        "f1_score": 0.7713310580204779,
        "precision": 0.7635135135135135,
        "recall": 0.7793103448275862
      },
      "identifiableEntourage": {
        "cohen_kappa": 0.41834663141494743,
        "krippendorff_alpha": 0.4146202170188463,
        "fleiss_kappa": 0.41366837997334865,
        "f1_score": 0.6078431372549019,
        "precision": 0.5391304347826087,
        "recall": 0.6966292134831461
      },
      "admiringPeople": {
        "cohen_kappa": 0.1069958847736624,
        "krippendorff_alpha": 0.026501225490196068,
        "fleiss_kappa": 0.024918300653595075,
        "f1_score": 0.1388888888888889,
        "precision": 0.8333333333333334,
        "recall": 0.07575757575757576
      },
      "ordinaryPeople": {
        "cohen_kappa": 0.24535315985130113,
        "krippendorff_alpha": 0.21741992101799035,
        "fleiss_kappa": 0.2161474330846863,
        "f1_score": 0.32558139534883723,
        "precision": 0.21875,
        "recall": 0.6363636363636364
      }
    },
    "combo_metrics": {
      "identifiableEntourage + ordinaryPeople": 0.05206463195691213,
      "admiringPeople + identifiableEntourage": -0.005597014925373234,
      "admiringPeople + ordinaryPeople": -0.013157894736842035
    }
  },
  "Graphical Representations": {
    "label_metrics": {
      "campaignParaphernalia": {
        "cohen_kappa": 0.6715437444013138,
        "krippendorff_alpha": 0.6684564626730496,
        "fleiss_kappa": 0.6679173674904041,
        "f1_score": 0.8587570621468926,
        "precision": 0.7875647668393783,
        "recall": 0.9440993788819876
      },
      "patrioticSymbols": {
        "cohen_kappa": 0.8228980322003578,
        "krippendorff_alpha": 0.8227779200819672,
        "fleiss_kappa": 0.8224897540983607,
        "f1_score": 0.859375,
        "precision": 0.7857142857142857,
        "recall": 0.9482758620689655
      },
      "noFeatures": {
        "cohen_kappa": 0.6860959319975714,
        "krippendorff_alpha": 0.6828609986504723,
        "fleiss_kappa": 0.6823453254775462,
        "f1_score": 0.8097165991902834,
        "precision": 0.9345794392523364,
        "recall": 0.7142857142857143
      }
    },
    "combo_metrics": {
      "campaignParaphernalia + patrioticSymbols": 0.7945224719101124
    }
  },
  "Interaction": {
    "label_metrics": {
      "interactionWithSupporters": {
        "cohen_kappa": 0.5763411279229711,
        "krippendorff_alpha": 0.5764462809917354,
        "fleiss_kappa": 0.5757575757575757,
        "f1_score": 0.6363636363636364,
        "precision": 0.5833333333333334,
        "recall": 0.7
      },
      "noFeatures": {
        "cohen_kappa": 0.68124191461837,
        "krippendorff_alpha": 0.6812439261418853,
        "fleiss_kappa": 0.6807256235827663,
        "f1_score": 0.9346938775510204,
        "precision": 0.9541666666666667,
        "recall": 0.916
      },
      "physicalEmbraces": {
        "cohen_kappa": 0.3905013192612138,
        "krippendorff_alpha": 0.3860232945091514,
        "fleiss_kappa": 0.3850249584026626,
        "f1_score": 0.4,
        "precision": 1.0,
        "recall": 0.25
      },
      "children": {
        "cohen_kappa": 0.7091203453858608,
        "krippendorff_alpha": 0.7086294416243655,
        "fleiss_kappa": 0.7081556683587142,
        "f1_score": 0.72,
        "precision": 0.5625,
        "recall": 1.0
      },
      "affinityGestures": {
        "cohen_kappa": 0.27461139896373055,
        "krippendorff_alpha": 0.27028951115329847,
        "fleiss_kappa": 0.26910299003322347,
        "f1_score": 0.2857142857142857,
        "precision": 0.18181818181818182,
        "recall": 0.6666666666666666
      }
    },
    "combo_metrics": {
      "children + interactionWithSupporters": 0.43631039531478777,
      "interactionWithSupporters + physicalEmbraces": -0.004893964110929794
    }
  }
}