,cohen_kappa,fleiss_kappa,krippendorff_alpha,f1_score,precision,recall
Compassion,0.5993439285108308,0.5982304900181488,0.5988827132486387,0.6973684210526315,0.7681159420289855,0.6385542168674698
MassAppeal,0.6197833705001593,0.6141832508334177,0.6148095767249218,0.6736842105263158,0.9411764705882353,0.5245901639344263
NoFeatures,,,,,,
Ordinariness,0.6390423572744015,0.6356107660455488,0.6362023070097604,0.8260869565217391,0.7556818181818182,0.910958904109589
Statesmanship,0.521108179419525,0.5208259670461783,0.5216038469698041,0.9385474860335196,0.9298892988929889,0.9473684210526315
